,cluster_id,momentum
SCHL,1191,-0.0276255207191404
SCHN,1400,0.0312022025084124
CATC,23,-0.0982019363762102
BRY,1781,-0.0037115588547189
SNPS,448,0.0285902793050363
DVN,58,0.011313056379822
IBM,1984,-0.0061863882443929
ESI,1167,0.0002434274586173
AIZ,1722,-0.043017505298689
SO,30,0.0321915635902314
BB,1967,-0.0541237113402062
BATRA,174,-0.0210218978102189
SOHU,1463,0.0286312849162011
SOI,53,0.1366181410974245
XPO,1396,0.1402877697841726
ESGR,1915,-0.0640055621446974
BAC,68,-0.064994131455399
SONY,1198,0.055635319454415
AIV,1320,0.058
EXLS,1290,-0.0154397908941704
BABA,1648,-0.0324638341496754
SPB,1433,-0.0206185567010308
BSMX,36,0.0120632530120483
BSRR,200,-0.0356259277585354
SPCE,1647,-0.0444250871080139
BSX,324,0.0154109589041095
SHOO,1245,-0.0325068870523416
SHOP,1862,0.09212445308702
KO,124,0.0071416568643927
BTAI,1258,-0.1231203007518797
SPOT,1284,0.1134995700773862
KOD,1325,-0.0446153846153846
KODK,57,0.0462427745664739
KOF,1333,0.0958200249965282
EBF,32,-0.0222988505747125
SIMO,1127,-0.0136864028562927
BA,1392,0.0290250558174149
B,1054,-0.0242050308495491
BTI,118,-0.0152128218602207
EBS,1335,-0.1445880452342488
EXEL,1233,-0.0219555035128805
AMBC,1186,-0.0326283987915407
BRX,974,-0.0026501766784453
DAVA,1489,-0.0089263263766659
AVA,25,0.0036478599221791
KSS,1940,-0.0499286733238231
KT,418,0.0112359550561795
BTU,1936,-0.0391941391941391
SR,40,-0.0414772727272727
SRE,30,-0.0094025073352893
CNI,96,0.0268680305557995
SRPT,1789,0.2241054613935971
SRRK,1031,0.1678321678321677
CNHI,1195,-0.0018214936247721
EEFT,1583,-0.009186954524575
SNX,1697,-0.0120700372979692
SBCF,11,-0.096361848574238
SNY,66,0.0157950907150481
CALX,1576,-0.0043010752688171
SSL,1654,-0.0339100346020759
SSNC,1407,-0.0011925042589437
ERF,58,0.0328697850821744
HRB,2007,0.0065735414954808
LBAI,108,-0.0716883116883116
LBRDK,399,-0.0528441213799468
LBRT,1714,0.0562500000000001
ALTR,1542,0.0533874492663128
EHC,1246,-0.0458244869072894
EHTH,1619,0.2472826086956521
EIG,207,-0.027696464760189
SPGI,481,0.0078253223915591
STAG,132,-0.016052318668252
BVN,1919,0.0725593667546176
STBA,120,-0.0601180891035961
SAVE,1365,-0.0256495633187772
STC,1379,-0.038832666509767
STE,1188,-0.0239855342232622
FCN,1571,-0.0180447444341624
BW,1055,-0.0932203389830509
EL,2003,0.017547829664678
ELAN,1265,-0.0815170008718396
FL,1420,0.0080054894784995
SRG,1856,-0.0802980132450331
SRI,1213,-0.1591768164636706
STGW,1589,-0.0043731778425656
BWA,2020,-0.0065632458233889
ELF,1720,-0.0399999999999999
STKL,1859,0.0345052083333334
STKS,1525,0.0276470588235293
STLA,1625,0.0408105022831051
LE,1830,-0.0605263157894736
STM,81,0.0325996677740862
AUDC,1225,-0.0043900928792568
JKS,1555,0.1031132075471699
LEG,1941,-0.037692084662221
LEGH,1677,0.0170340681362726
STRA,1689,0.0180035440047252
STRL,1459,0.0798231929277171
EXC,1551,0.0219113641990591
DAR,1445,-0.012012012012012
LILAK,331,0.0125284738041002
BWXT,1723,0.0472917689412535
STLD,74,0.0420664499246687
LIN,1807,0.005913253150386
BXC,1140,0.0241734802701742
BXMT,1512,-0.0486537553141238
LIND,1282,0.0720279720279721
HLI,1449,-0.0359356940212252
LKFN,1794,-0.0818207204691426
STWD,1563,0.0213987473903967
STX,1153,-0.0034076827757124
EMR,1730,0.0337323177366704
EXAS,1759,0.0871169581261031
STRO,1401,-0.0336879432624113
AHH,1795,-0.0124804992199688
SUI,70,-0.0204694704485117
SUM,1405,0.0093940419769804
SUN,91,-0.0195338610378187
STZ,1446,-0.0189539561913275
SU,122,0.0404754739693049
BXP,93,-0.0322556505803299
BY,1676,-0.0478701825557809
BYD,184,-0.0112083525257176
AIT,1869,-0.002729945401092
LNT,30,0.0140433001755413
XPER,1366,-0.0183917878528656
SUPN,1923,0.0021282255919126
ENTA,1428,-0.0117525773195876
ENTG,1803,0.0181860847119559
FINV,1970,-0.0493096646942801
CALM,1805,-0.0234154929577464
BRSP,1756,-0.0999999999999999
ATSG,1202,0.0353559483994267
FIVE,1339,-0.0139011257953989
EQR,973,-0.0084772872680742
SVC,1413,0.0054644808743167
ATRO,1161,-0.086286089238845
CNC,1903,-0.0267543859649124
ATRC,1490,-0.0006493506493505
GPOR,1663,0.1895039322444041
EQH,1747,-0.0556970082749841
AXTA,1820,0.0469798657718121
EQNR,1938,-0.0308095706325794
EQIX,38,0.0115924255033361
BZH,1509,0.0308517773306504
EQT,104,-0.0320976491862566
TGT,217,-0.031513353115727
THFF,200,-0.0549488054607509
THG,33,-0.036415973616289
SWBI,1314,-0.0475411334552101
EQC,215,-0.0527555346208196
BRKR,1866,0.0881456761462564
ATRA,1454,-0.1728395061728395
ATR,1979,-0.0034270047978067
ABR,1014,-0.0078284547311096
EQBK,1962,-0.0468063872255488
TKR,1387,0.035927442949093
CAL,1229,-0.0325545767905016
EDU,131,0.0185950413223139
CAKE,1853,-0.0225988700564973
AHCO,1819,-0.0794246404002501
TOL,20,-0.003003003003003
SWX,1935,-0.0402317092524995
BRKL,220,-0.0964506172839506
SXC,1434,0.0168243953732913
CAAP,1553,0.0855057351407717
CABO,446,-0.0309002186472828
CAC,45,-0.0413122721749694
TRN,1569,-0.0498029380150484
AGYS,1093,0.0476786384682768
CADE,1667,-0.0549698795180721
CAE,1417,-0.0099645704162975
CAG,110,-0.0274649821477616
ESLT,1905,0.0585484252900783
TRNO,49,0.0088410223436745
SXI,1495,0.0276625172890732
SXT,1472,-0.0374054914444887
SYBT,1159,-0.0612506406970784
SYF,46,-0.033604032483898
AGX,1930,0.0303654143077714
DAL,157,0.0490349504434011
TRNS,1804,-0.0401155683964884
DSKE,1611,0.0239263803680982
SYK,1942,0.0344643944004869
CAH,1135,-0.0549465064060229
TS,1956,0.0148439866707059
CAMP,1873,0.0
CAMT,1473,0.0350294985250736
TAC,1865,0.0321384425216315
TAK,1679,0.0534201954397395
SAIC,86,-0.0057201800450112
D,30,9.09918107370178e-05
ZS,1784,-0.1159740754860847
CATY,9,-0.0638397017707362
ET,73,0.0315955766192732
TTD,1283,0.0416368834882059
TTE,84,-0.0014537231465029
TBBK,63,-0.0422087308470656
TAL,131,-0.0533428165007112
TALO,1914,-0.1549691184727679
CYBR,1556,0.0211024383504867
TTEC,1334,0.0024962742175858
TTEK,1721,0.0175323252246328
TTGT,1377,-0.0031804929764113
TX,1143,0.0441210983337245
CBT,1738,-0.0044008550232615
CBU,275,-0.1015561015561015
EPRT,2010,-0.0083462732919254
CNA,236,-0.054933759707629
AAP,217,-0.089162527593819
TBPH,1464,-0.0555555555555556
TCBI,1234,-0.0499773516533293
SAIA,92,0.080210802229852
GDYN,1997,-0.0351931330472102
GE,1418,0.1168616329906653
TCBK,108,-0.0694911898633933
UAL,157,0.0477290223248652
ULTA,1887,0.0184367771781033
EURN,153,0.0291048874244919
JLL,1162,-0.0376590622492263
LSXMK,311,-0.0907821229050278
HIG,1904,-0.0594733461785484
TCPC,195,0.0008650519031141
EPR,1578,-0.0151811949069541
GLOB,1698,0.0265325902592681
CCEP,1951,-0.0095454545454545
CCF,1136,0.0299162752705739
CCI,55,-0.0023709369024856
CCJ,1131,-0.0336503291880028
TCMD,1360,0.073356401384083
TCX,1021,-0.0064878892733565
TD,95,-0.0574004507888805
TDG,1836,0.0316318711602834
CCL,210,-0.0202448210922786
UPLD,1155,-0.079447322970639
AXS,1294,-0.0439723320158103
ACAD,1536,0.0009666505558241
BRO,1844,0.0155163188871052
GNK,85,-0.0482847896440129
EVER,1049,-0.032967032967033
TDOC,51,-0.0445451113627783
EVH,1183,-0.0257069408740359
USNA,1479,-0.0090490292859494
GOOS,2019,-0.0058479532163742
EVOP,1397,0.0005908419497782
EVR,1496,-0.0248132337246532
EVRG,30,0.0266323024054981
EVRI,1285,-0.0315955766192731
EVTC,860,-0.0222765552838902
UTHR,1302,-0.1009185498292959
UTI,1777,0.03168044077135
UTL,1564,-0.0016568483063329
UTZ,1263,0.0420731707317074
WPP,1331,-0.0217215107797049
GMS,1373,-0.0240487563828034
TDC,1020,-0.0207311089303238
CCOI,1782,-0.0492740191535372
SHAK,1593,0.0481269044631655
TDW,1558,0.0122850122850122
TDY,1999,0.0013486176668913
UVSP,222,-0.0562765957446808
TEAM,1950,0.0828820057201971
GRC,22,-0.0430725053840631
TECH,1036,0.0546530837004404
TECK,16,-0.0224198396793587
CCU,118,0.0678524374176547
V,169,0.0184141129398927
EPD,230,0.0173521347434391
CVLT,1524,-0.0163043478260869
CVLG,1219,0.0471887666473653
VCYT,1323,-0.0329134498171475
EPC,1390,-0.017156286721504
TEVA,1620,-0.0393541876892028
TEX,1776,0.0084659668134101
CDLX,848,-0.1889908256880734
GSHD,1748,0.1355841371918542
CDNS,448,0.0459728412978128
CDW,1988,-0.0104238711589763
PSEC,1604,-0.0209176788124156
EDIT,1785,-0.0475663716814158
RYAM,1012,-0.0317073170731706
TFC,10,-0.0894568690095847
CDXS,1671,-0.0548086866597724
CDZI,1955,0.1231884057971015
CE,1749,0.0181966789985372
VIPS,1601,-0.0399597044996642
TFIN,2023,-0.0637633525061627
TG,1598,-0.0094664371772804
ATLC,2015,-0.0828705148205928
TGI,1462,-0.0301109350237717
EPAC,1307,0.0293353137764573
HCA,1075,0.051879235982748
HCC,378,0.0551345701593937
HCCI,2000,0.0191773207337411
HCKT,1699,0.011802575107296
CEIX,1478,0.0792983738351909
CTLP,1441,0.03125
HDSN,1286,-0.125370187561698
HELE,1248,-0.084479545656225
MAIN,1626,-0.0156176053005204
HI,1659,0.0197284683920238
TGLS,1925,0.1904113320621083
TGNA,1013,-0.0448275862068964
VLY,112,-0.1079447322970639
ATKR,744,0.0252020271195725
TGH,1642,0.0232985898221951
F,15,0.0709859154929577
VNO,193,-0.0753286147623863
CVBF,120,-0.0739657333890514
AFG,1766,-0.0608455745283723
DBRG,1295,0.0244498777506112
CENT,129,-0.0195061728395061
FATE,1656,-0.0874183006535948
HIW,63,-0.0452830188679245
VOYA,1822,-0.0049671096791514
RTL,217,-0.0138483965014578
CMS,30,0.0135662201119213
TGS,24,-0.0536971830985915
CEVA,503,0.0147496831432192
AWR,242,-0.0328107502799551
ATI,1,0.029889298892989
SILV,1888,-0.0228519195612431
CFFN,155,-0.0905840286054827
CACI,1752,-0.0069283276450511
DISH,1309,0.0262927256792289
CACC,1427,0.0059639015168564
TITN,1209,0.0318846909805634
TJX,1922,-0.0018276762402088
SJR,1363,-0.015015533310321
VREX,1629,0.0197851893725267
ICFI,1357,0.1010151774047645
ICHR,75,-0.0207890743550834
ICL,1954,0.0252204836415361
VRSN,1994,0.0145557079713456
MATX,1061,-0.0210494662456773
THR,1256,0.0262759924385633
TILE,1017,0.0056689342403626
EOLS,1275,-0.0407938257993385
AEM,76,-0.0141212252878557
CG,99,0.0071220930232558
EOG,100,0.0398159617766766
AAON,1171,0.020778364116095
CGBD,195,0.0006626905235254
VTR,178,-0.0189105858170606
IGIC,1370,0.0078979343863911
DRQ,1851,-0.0455474452554744
FCX,1615,-0.0153771051989258
ETD,1505,0.0047377326565143
CGNX,1491,0.0390707497360085
WAB,1790,0.0165819994249016
CMPR,1465,0.0484054669703872
WB,1541,-0.1764990328820115
WCC,1328,0.0391653581350404
WCN,204,-0.0055443548387095
WD,1110,-0.0121261115602263
WDAY,506,-0.0045290343451771
MODN,1660,-0.0117469879518072
ATHM,1507,-0.0262295081967213
WK,1588,0.0307174887892376
WLDN,1765,-0.0548172757475082
FELE,1780,-0.0163231139478914
WPC,188,-0.0114588467225232
WSBC,108,-0.079253112033195
ENVA,823,0.013025641025641
ENV,2005,-0.0301551751719724
WTM,446,-0.03226722639013
WTS,1341,0.0019117730982138
WTTR,1510,-0.0242587601078166
WTW,1889,0.018710530807305
DRIO,1637,0.0804347826086957
ED,30,0.0303301622831562
CHGG,1338,0.040906230333543
CHH,1827,0.0232764447448461
WU,1250,-0.1084104938271606
WWD,1675,-0.0095959595959596
HFWA,108,-0.1051309651955507
GPRE,1503,-0.0444188058840495
GPRK,2021,0.007727975270479
GRFS,901,-0.1108545034642032
GRMN,1277,0.0072353001120963
ATGE,1073,-0.0115030674846624
FHB,7,-0.1074954296160878
ATEX,1207,-0.0115894039735098
GS,1843,0.0123163291610575
ATEN,1681,-0.0105124835742443
ATEC,1584,0.0796758946657663
ATCX,1221,-0.0028618152085037
FHI,1787,0.0124523506988565
HCI,1321,0.048
FIBK,88,-0.072594259988745
HBNC,117,-0.0604467805519053
HBM,1249,-0.0202429149797571
GSL,1193,0.0386996904024767
MRC,1517,-0.0066964285714284
FITB,10,-0.0947658402203855
FIVN,1838,0.0026515151515151
FIX,1305,0.0198707370737074
AGRO,1190,-0.0332512315270935
ATCO,1168,0.0032682291666665
CHRS,1635,-0.0059084194977842
CHRW,1124,0.0588768115942028
CHS,1809,0.0539130434782608
FIZZ,1841,0.0105037513397643
ENSG,1115,-0.0087170317389361
XNCR,1287,-0.0588235294117648
DRH,13,-0.0057339449541284
ASX,1917,0.0390516039051604
H,1025,0.0032690984170682
HA,1973,-0.0629464285714286
XRAY,1471,0.0018387181507748
XRX,1355,-0.0072710733778046
HAE,1391,0.0059148772020061
GTES,1835,0.0149572649572651
CHTR,399,-0.0426811022551073
CHUY,1924,0.0025174825174825
HAFC,12,-0.0639288738357325
CHX,61,-0.0019627085377821
ASR,2006,0.060032147599413
HAYN,1987,0.0454213123743374
HBAN,10,-0.0760443864229765
ASPS,1575,-0.008635578583765
FORM,1254,-0.0237541528239202
FORR,1151,0.0449984797810882
ASPN,1480,-0.1129032258064516
YETI,1508,-0.013340174448435
YEXT,2016,0.2629427792915531
HCSG,1306,-0.0576488319517708
HE,40,-0.0202719406674907
HEAR,1488,-0.034610630407911
CIB,206,0.0320813771517995
HEES,1319,-0.009009009009009
HEI,1403,0.0530289303617805
ENS,1740,-0.0140037490351747
CIEN,1751,0.0661343840729986
GSM,1187,-0.029058116232465
FR,49,0.0132701421800949
ECVT,1651,0.047808764940239
HES,100,0.0128433556050484
HESM,890,0.0295404814004376
CIGI,1215,-0.0242186150923846
FRME,88,-0.065270935960591
GSK,1347,-0.0170703238984535
HGV,1916,0.0148722245496439
HHC,1499,-0.0218960538979788
ASML,442,0.0045651012578309
DNLI,1594,-0.0836095764272559
FSS,1572,0.0468068978586317
CIM,1952,-0.0924653312788906
CINF,1764,-0.0297431648715824
ASH,1101,-0.0053055610139517
HIMX,1085,0.0594078061911171
ASGN,1655,-0.0163288288288289
DRD,1882,-0.0601092896174864
HL,593,0.0093258208665241
SPG,1411,-0.0164632648046523
ZLAB,1694,-0.0543741588156122
GPS,1348,-0.0795541890853189
GOOGL,251,0.0513813013546524
HLF,1435,0.0645994832041343
FSV,1322,0.0021132405450705
HLNE,1724,-0.0109897172236503
HLT,42,0.0179572347934398
SPLK,1857,-0.0361882926829267
HMST,1399,-0.1016646848989298
AIN,1176,-0.0425089179548157
RACE,1891,0.027384107232016
CLF,128,-0.0107829348335676
CLFD,1114,-0.0797575370872547
ZTS,1088,0.0183832335329341
ZUMZ,951,-0.0004299226139296
ZUO,1240,0.1593860684769774
HPE,1261,-0.0358744394618832
HPP,1644,-0.042795232936078
GLDD,43,-0.0183086312118571
HPQ,1041,-0.0277017783857729
SPSC,1395,-0.011816250663834
CLNE,1129,-0.1794642857142857
HRTG,1788,0.4745098039215687
CLS,1156,0.0123397683397683
SQ,1652,0.017203179981754
HSBC,133,-0.0001345532830999
HSC,1251,-0.0561465721040189
GKOS,1235,0.0157738725386407
CM,95,-0.041110868139077
CMA,1621,-0.0736804564907274
CMC,74,-0.0050241545893718
HTBI,44,-0.0515886573283224
HTBK,164,-0.0875309661436828
FULT,108,-0.0767441860465115
GIS,110,-0.0077977612878883
CMCO,1064,0.0398706896551726
CMCSA,1501,-0.0312079634113533
CMG,446,0.0506612656597902
HUM,226,-0.0134540018585107
ENPH,1906,0.0561349926376288
AIMC,1918,0.000975134080936
HVT,1157,-0.1441441441441442
CMRE,1353,-0.0277333333333332
HWC,9,-0.0833674723473986
ENOV,1439,-0.0180492884415133
FUTU,1481,-0.044299939036781
GHL,975,-0.0278276481149013
ENLC,244,0.0270870337477797
HXL,1369,-0.0094585332419464
HY,1969,0.1796453353893601
MC,1289,-0.0361895867382675
CNO,1895,-0.053864168618267
CNQ,122,0.0414086002477438
CNS,1695,-0.0117704415656778
CNXN,1262,-0.01324200913242
AMBA,1352,-0.1176969568444492
DRI,1545,0.0218896426323518
MCRI,184,0.0234990491714206
CVI,203,0.0335892514395392
COF,437,-0.0444627796112944
COLM,1687,0.0194954128440367
IAC,1431,0.0077011936850213
ASB,108,-0.0779697624190064
COMM,1977,-0.0117403314917127
MCS,1429,-0.0236171535114977
IART,1678,-0.0244516361021215
COST,5,0.0043785369077615
TEL,97,0.0200675463399309
CPK,54,-0.0120227964712311
AMAT,328,0.0367628067154541
GFI,71,0.0104510451045105
BRC,1343,-0.0161348803480781
CULP,1779,-0.0153429602888086
ARWR,1211,-0.0956656346749225
GES,1182,0.0356463878326995
GH,1205,-0.0864357397215928
PACK,1603,-0.119047619047619
PACW,1467,-0.2043279279279279
CR,1368,0.0034646852563031
CRAI,1854,-0.0751185024503896
ICPT,1587,-0.0609514370664023
ARW,1960,0.0134757182812101
ICUI,1034,-0.0727262072198781
IDA,41,-0.008220502901354
BX,1703,-0.0037995594713656
CRH,2024,0.0894102726696257
CRM,251,0.1179634496668906
GIII,1380,-0.0183569064098705
MDB,1934,0.0088411607483771
MDC,233,-0.0082432432432432
ARVN,1981,-0.0277324632952691
CRMT,1279,-0.0115348399246703
CRNX,235,-0.0610997963340121
GIL,1293,0.0103937007874015
GILD,1118,-0.0049670930088167
GILT,1892,0.0060240963855422
ARTNA,1945,-0.0363926859577489
GL,33,-0.0282274632262305
IGT,1602,-0.0214608433734939
GEF,1649,-0.0999999999999999
CRVL,1024,-0.0004992234302196
GLNG,1453,-0.0096364432763906
DMRC,1685,0.0522314860225598
IIIN,1278,-0.0171428571428572
AEL,1247,-0.0297719087635054
AEIS,1700,0.0328212290502794
GLPI,1666,-0.0208797327394208
CSCO,1608,0.0229244114002478
GNL,1592,-0.0311614730878186
IMAX,1426,-0.027114967462039
IMGN,1929,0.0438144329896907
IMKTA,1768,0.0374720357941833
GNRC,1474,0.0210815765352887
IMXI,1711,0.0457925636007827
INBK,1823,-0.0892262125138837
ASND,1573,-0.0166081555495544
CSL,1280,0.0223840136317867
TRI,486,0.0131372387011485
TROW,1632,0.0226220163876023
TROX,1680,-0.0245478036175711
INDT,1147,-0.0043589358184278
GPK,1274,0.0554621848739496
GPRO,1276,0.0077071290944124
INFN,1119,0.0537482319660538
GSBC,8,-0.0591166867159305
JAKK,1911,-0.0196483971044466
JAZZ,1767,-0.010042735042735
CTRA,1376,0.013616339607529
CTRE,1871,-0.0086426029486528
CTRN,1769,-0.0609843081312411
CTS,1450,0.0270145462941582
CTSH,747,-0.0167651285326521
CUBE,221,0.0155352202596297
GWRS,1423,-0.0421515151515151
JBLU,1726,-0.027710843373494
INSM,1442,-0.0436702649656526
INSP,1614,-0.0274689339437541
AEG,873,-0.0077369439071567
HAL,61,0.0238062379243721
HALO,1783,-0.1075224005001043
CUZ,3,-0.0146998775010207
HASI,1342,-0.0337472142629735
CVCO,69,0.0307017543859648
IQV,1158,0.0234086439295821
MDRX,1863,-0.1441902468392534
IR,1070,0.0210091269157912
CVE,58,0.0311822125813447
CVGW,1618,-0.2386117136659437
IRBT,1351,0.0678997322949621
IRDM,1111,-0.0234642333387647
HD,105,-0.0024793669123391
HEP,1324,0.0077433628318583
IRM,1623,0.022559241706161
HIBB,1457,-0.052134019185319
HII,1184,-0.0085966542750929
CUK,210,-0.0216286307053942
AMAL,1244,-0.0870488322717621
DAN,1440,-0.0139771283354511
HLIO,1273,0.0317390020667258
HLIT,1706,-0.025018953752843
HMC,1650,0.0281093569503272
HMN,25,-0.027056277056277
DQ,1813,0.1978270710728837
HST,89,-0.0026785714285715
IMO,122,0.0670880913539966
IMOS,1060,0.0361240968975775
INVE,1042,-0.0398860398860397
INVH,70,0.0198336532309659
MELI,446,0.0344508196721311
IONS,215,-0.0066852367688022
IOSP,1461,-0.0407454778001096
IOVA,1727,-0.0637860082304526
IP,158,0.0137400384721078
IPAR,1761,0.1210032389336432
IPG,1296,-0.0272931907709622
IPGP,1375,-0.0004057124310288
IPI,1850,-0.0256583517524472
ISRG,1631,0.0196172457386982
CYD,1354,-0.0578105781057811
IRMD,1797,0.078240252897787
META,251,0.0621641705727677
METC,1089,0.0045226130653266
MFC,1963,-0.0184716599190284
DPZ,2017,0.0592666916091288
IRS,1796,-0.0490341753343239
IRT,1860,-0.0243228302929796
IRTC,1090,0.0197144799456152
ITCI,1613,-0.0652661635733224
JNPR,673,0.0246913580246912
MG,1520,0.0525362318840578
ITGR,1098,0.0106695118698318
GPMT,219,-0.0934891485809683
MGA,1550,-0.0091512650278126
MGEE,54,0.0063577281717999
DNOW,1210,-0.0350194552529182
MO,118,0.0094766314882619
MS,1223,-0.0121243523316062
PEN,652,-0.0301934689795762
SCL,1907,-0.0293068543333655
STAR,1595,-0.0415584415584415
T,191,-0.014806980433633
DOC,165,0.0006743088334457
DOCU,1130,0.0730236348818256
LXU,1425,-0.0161883738042678
IT,1398,0.0320154967816723
IVZ,1288,-0.0101925254813136
DKS,1137,0.1713830366166524
UMBF,2022,-0.0922126626957864
UMC,1438,0.0510455104551044
UMH,1259,-0.0799529688418577
J,1521,0.0134728033472804
JACK,957,0.0928571428571429
ACIW,1166,-0.0212765957446808
UVV,118,0.0047440205574222
NHI,31,-0.0412727272727273
ARMK,1174,0.0073369565217391
ARLP,1612,-0.0342168674698795
ARLO,736,0.5075263157894738
GGB,1949,0.0009140767824498
VERI,1239,-0.1156558533145275
GCO,1364,-0.0816099621970203
DVAX,1332,-0.0388349514563106
ECPG,1160,-0.0164473684210526
JD,48,-0.0427542754275427
JEF,793,-0.0580841492458322
MLAB,1839,0.000283254022207
JELD,1084,0.0342205323193915
DK,203,-0.0347636074692093
VHI,1627,-0.0612072604474462
VIAV,1422,-0.0269652650822669
GBX,1175,-0.0006228589224539
ACRS,1362,-0.3577528089887641
VLO,2008,0.0302892279662947
VLRS,1690,0.0520477815699658
JNJ,124,-0.0083237635390839
VMC,64,-0.0126883865248226
VMI,217,0.0064601518923519
VMW,1965,0.089621356578589
VOD,1971,-0.0187802840434418
JWN,1228,-0.0128336755646817
IVR,1624,-0.0383080606544292
RLI,50,-0.0225509390182001
JYNT,1149,0.0439490445859873
MMC,204,0.0041939065005551
JRVR,1696,-0.0331950207468879
MMP,230,-0.0070541760722347
MMS,1382,-0.0355141325536061
MMSI,1402,-0.0525644658543495
ENR,1065,-0.0400220811482195
ARI,1978,-0.0460574412532636
VRNS,1900,-0.0192023633677991
VRNT,1326,0.0008025682182983
VRRM,544,0.0177016831108531
VRSK,47,0.0878382327157967
RLJ,13,-0.0030864197530864
JBGS,93,-0.0585507246376812
JBHT,1993,0.0221251175396868
AXSM,1242,-0.0700982548760815
KALU,839,-0.0224407463439232
KALV,1043,0.1023192360163711
ERIC,1980,0.0190909090909092
ERIE,700,-0.0032711669994476
GOGL,85,-0.0544315992292872
KAMN,682,-0.0423076923076923
KAR,1893,-0.0160951714485653
GBCI,196,-0.092581257914732
ERII,1432,0.082917988219302
ERJ,1094,0.1055118110236219
VRT,1139,-0.0283076923076923
CUBI,1264,-0.1009740259740259
MNST,4,0.0114976415094338
RL,1645,-0.0140451814874354
KBR,1487,-0.0010887316276537
MODV,1163,-0.0920664018739177
MOFG,200,-0.063854860186418
AAN,1257,-0.1714285714285713
ECL,1476,0.0106042542511137
VSTO,1493,-0.0108543417366946
DOX,324,-0.0031655932758433
VUZI,1639,-0.0578313253012048
VVI,1469,-0.1054064566316608
VVNT,1327,0.0671708185053379
VVV,1267,0.0044034090909088
MPAA,1585,-0.1673032849503437
MPB,6,-0.0490196078431373
JHG,1172,-0.0180262199563001
ACMR,1455,0.1965317919075144
MPC,958,0.0581715210355986
KFY,1577,0.0407944176060117
VZ,191,-0.0387013656274156
W,1921,-0.0529760434675229
WABC,224,-0.0507075471698111
WAFD,1910,-0.0518962075848303
AIR,1591,0.0033094318808604
BWB,94,-0.0679809653297076
ALNY,812,-0.008670671193523
WBA,1416,-0.0432029271038559
WBS,9,-0.1150225903614458
KIDS,1693,-0.0433500914076782
KIM,974,-0.0233071638861628
MPLX,205,0.0041871209933581
KLAC,328,0.0346881754441457
KLIC,1299,0.0047842401500939
WEC,30,0.0111662531017371
WERN,417,0.0157158234660925
WES,58,0.011918492887351
DOW,932,-0.0206293706293706
DOV,1383,0.0204136090727151
CTOS,175,-0.0027624309392265
WINA,1640,0.0068493150684931
KELYA,1729,0.0173341303048415
TMO,38,0.0391501772002362
TMP,120,-0.0441235459286002
FHN,220,-0.1382721033508276
WING,1415,0.0113002641620194
GAIN,1881,0.0063939174511224
FIS,265,-0.0193309136815527
FISI,117,-0.0556891025641025
KPTI,1989,0.0347682119205297
KR,1848,0.1007185906351413
FISV,1712,0.0272039273611954
WMS,1701,0.0411360306547954
WMT,124,-0.0296911278407091
MRNA,1565,0.0167134932641739
KRC,93,-0.0324819544697391
DHR,87,0.0083222235688602
FLWS,1468,0.0151515151515151
JILL,1821,-0.0118918918918918
CTO,63,-0.0186046511627907
CHEF,829,0.0248847926267281
ALKS,1735,0.013089005235602
ARGX,1885,-0.0724823780121304
GOOG,251,0.0543743078626799
KFRC,1815,-0.0003600576092175
KGC,76,-0.0410581427390466
WNC,1808,-0.0104014598540146
WNS,637,0.0683962264150943
KWR,1641,0.0036775973030953
WOLF,1227,-0.0446066504460664
WOR,1076,-0.0069490403706153
WOW,1837,-0.0576395242451965
AAWW,1185,-0.0061005852593989
AB,1121,-0.0357878475798146
L,236,-0.0343755115403503
LAKE,1753,0.0191100856954515
LAMR,670,-0.0022236036725324
ABB,1102,0.0321321321321321
FNB,108,-0.072791519434629
FND,1875,-0.0342010674218494
KHC,1845,-0.0288906009244992
ABBV,1868,-0.028622482131254
ABC,470,-0.0341347390074568
ABCB,187,-0.0908711092542301
FOCS,1367,-0.0014462013112225
MSA,1340,0.0280610346110905
LANC,1976,-0.0149382586856425
LAND,1672,0.0010965909090907
MSBI,12,-0.0514592933947772
GABC,8,-0.0835877862595418
LASR,1266,0.0168141592920354
FPI,1260,-0.0279850746268657
MSCI,121,0.0425931245810591
FRC,1688,-0.1893342004715064
MTCH,1811,-0.0755673587638822
JOUT,967,-0.0396238051187172
G,1437,-0.0187513094489837
AVT,546,0.0110713486915678
ARE,132,-0.0488049138736814
LGIH,1814,0.0021090978813151
FRPH,1653,0.0794144556267155
FRPT,1552,-0.0055484078481826
FRST,229,-0.0486763450042698
FRT,1710,-0.0249110320284696
JPM,68,-0.0595765608650157
FSK,389,-0.00662100456621
FSLR,1736,0.2839523471680265
LGND,1361,0.0144164125311894
ARCT,1067,-0.0335384615384615
DG,1824,0.0113962089690244
WPM,252,-0.053781512605042
WRB,502,-0.017778786503253
ARCH,378,-0.0003813155386082
LH,1912,-0.0417362967914438
ACA,1345,-0.0011551155115511
QLYS,1947,0.0445619974608548
LHX,56,-0.0190349921871301
FTDR,1243,-0.023362831858407
ARCE,1691,0.0442687747035572
ARCC,903,-0.0118801652892561
FTNT,591,0.0391991924629879
FTV,432,0.0118511851185119
ARCB,1831,0.0576735966735966
LII,1898,0.0029431385629634
TRS,1208,-0.0125208681135224
TRST,12,-0.0512129380053908
LITE,1609,0.0161679985132874
DORM,1547,-0.0899172310007524
ABT,124,-0.0207923712151002
DOOR,1931,0.0134009009009008
TRTN,72,-0.035102988105599
TRV,502,-0.0451058772687985
DOOO,1424,-0.0331945408281285
LMAT,1268,-0.0211126676005602
WRK,158,-0.0036624203821655
WRLD,1109,-0.0338474721508139
RH,1125,-0.0770156840450789
ADBE,442,0.0745794104028401
ADC,134,-0.0125035320712065
DFS,437,-0.0215178571428571
LMNR,1447,0.0158931977113794
LMT,125,0.010795766035508
LNC,622,-0.0967843631778058
ACM,1643,0.0338119499768412
ADUS,1291,-0.0698637702503682
DOMO,1456,-0.0839297332465841
LNTH,1236,0.0218361276365604
LNW,1597,-0.0125379332375019
LOB,1272,-0.0980902777777777
MWA,1818,-0.0093727469358326
LOMA,102,0.0059347181008901
MX,1975,0.0146137787056368
FUL,1909,0.0043004587155963
FWONA,67,0.0391705069124423
FWRD,1707,0.0587549771778188
LOPE,1483,-0.0242739871127195
WSBF,435,-0.0400621118012423
TSLX,275,-0.0128947368421052
TSM,1570,0.0371540140117148
WSC,1046,0.0268463035019455
WSFS,7,-0.0913644560208374
WSM,1281,-0.0014409221902017
TSN,1864,-0.0180621201890615
MYE,1303,-0.1815015479876162
AEP,30,0.021598272138229
AER,1529,-0.0482062780269058
MYGN,1128,0.1918604651162789
LOVE,1961,-0.0489753386592567
LRN,617,0.0275488580174241
AQN,1702,0.0104849279161205
AEZS,1574,-0.0123076923076923
GATX,1628,-0.0177798249654536
GBDC,1908,-0.0178052325581394
LTHM,929,-0.0166311300639658
QSR,1470,-0.0353543184989919
BOKF,2009,-0.0750859763087505
LVS,118,0.0109622411693057
APYX,1206,-0.1384615384615385
AGNC,434,-0.0125482980680773
TVTX,837,-0.039485559566787
GD,125,-0.0040366811460663
GDDY,1337,0.0027077004358739
GDEN,184,0.0564339576745318
RF,217,-0.0973413379073756
ADTN,777,-0.0288018433179723
REZI,1840,-0.0103598691384951
AGO,1715,-0.094429238447915
AGR,30,0.0069177555726362
APTV,217,0.0024079807361541
MAC,109,-0.0125523012552299
GDOT,1502,-0.0327522451135764
GDS,48,-0.1428571428571429
QTWO,683,-0.0201363073110285
GEL,1057,0.0242005185825409
TYL,1990,0.0197665369649806
GEN,1793,-0.0645822655048693
GEO,1718,0.0068493150684931
BNS,401,-0.0010105092966854
PPG,29,-0.0047334544903832
NATI,1668,0.0116808552761829
AHT,1048,-0.1414141414141414
RGA,217,-0.0178929881636326
RGEN,1546,0.0079715547399208
WTBA,8,-0.0612535612535611
UA,194,-0.0517045454545455
UAA,194,-0.0498489425981872
KAI,1705,0.0077871983601975
ENB,119,0.0322494669509594
KB,443,-0.0081754477030884
KBAL,1982,0.7973950795947902
KBH,216,0.0206974766090159
NAVI,1646,-0.009782001117943
NBR,643,-0.0439757833810127
KDNY,1165,0.0790559120073328
KDP,183,0.0044862518089725
KE,1458,-0.0039984006397441
EWBC,9,-0.0817478021257052
AIRG,1948,-0.0486202365308804
KEN,1032,0.0383779869659666
KEP,815,-0.0030165912518853
KEX,1200,0.0168206259478835
KEY,10,-0.0831055221432476
GGAL,312,-0.0399399399399399
GGG,1716,0.0082686223756109
DFIN,1154,-0.0406523280548333
QUAD,987,-0.0797546012269938
UBS,133,-0.0153810835629017
UBSI,108,-0.0896492519009075
UCBI,246,-0.0742977952280278
CTBI,8,-0.0516959064327485
NDLS,1995,-0.023972602739726
NDRA,1023,-0.0641025641025641
AJRD,1117,-0.0051473198438055
GHC,867,-0.0137235502505346
GHG,1040,0.0794871794871794
BPOP,107,-0.1163865546218487
MBI,1062,-0.1711385061638868
MBIN,220,-0.0578512396694215
RDN,98,0.0535128805620608
KEYS,1120,-0.0013440860215053
NEO,1330,0.1201780415430266
NETI,735,-0.0425330812854441
GIB,1530,0.0155099308190136
GIC,1913,-0.0805585392051557
NEU,891,0.0102474526928675
NEWR,730,0.031382760038372
NEWT,1607,-0.0509470934030046
DEO,83,-0.0031475868500815
DENN,676,-0.0222793487574978
DEI,93,-0.0403397027600849
NEX,53,0.0963855421686745
AKAM,1590,0.0289256198347107
WTFC,82,-0.0934549006838163
NEXA,1113,0.0165289256198348
ADT,27,0.0311671087533156
EMN,1750,-0.0111502347417841
XYL,432,-0.0011203117389186
MCB,781,-0.0408528937466403
FWONK,67,0.0319728893472814
MCD,124,0.0059868894698948
MCFT,1082,0.017767249037607
GLP,1515,-0.0214285714285714
ALB,1763,-0.0240847784200385
DE,988,0.02766911554241
R,931,-0.0263507302624859
MCRB,1141,0.196039603960396
GLT,1106,-0.0390625
MCHP,1972,0.0557818092064665
MCK,470,-0.0408221606014694
GLW,1801,0.0144329896907215
GM,15,0.005692108667529
MCO,481,0.0416681027054972
EC,418,0.027502254283138
KKR,99,0.0076308784383318
CTAS,1548,0.0086436928410151
EPAM,1937,-0.0077035592393954
DDS,1173,-0.0251395864313572
BPMC,1408,0.043898985130989
APPS,1016,-0.0217877094972066
UPWK,1537,0.0198412698412697
APPN,1356,0.0427020506634499
MEI,1561,-0.0909090909090909
GMED,1436,-0.030167980802194
MFA,1974,-0.0392250233426705
MGNI,754,-0.123989218328841
GMRE,1920,-0.0243538767395626
MGNX,820,0.0107553366174055
MGPI,1132,-0.0490930599369086
EBTC,1812,-0.0026843741169821
AUB,1097,-0.0050720768820073
RARE,1877,-0.0487750056192403
QGEN,1145,0.0063112078346028
MHO,216,0.0511756569847854
QFIN,1762,-0.0898821218074655
CHE,217,-0.029065531653821
BV,43,0.0
MIDD,680,-0.0114155251141553
KMDA,1567,0.0069444444444441
KMI,119,0.0175849941383352
KMPR,1292,-0.0308441558441557
KMX,772,0.01151506373117
GNTX,1500,-0.0189141856392294
KNOP,644,-0.0165662650602408
KNSA,1271,-0.0058320373250387
QURE,1134,-0.0071564885496183
QUOT,1199,-0.1058201058201058
BMI,1559,-0.0171024502548923
KNSL,1381,-0.0166928145591465
KOP,794,-0.0013931457230424
RELX,83,0.0141961043248597
ALEC,632,-0.1697892271662763
GOLD,252,-0.0220223325062034
GOLF,550,0.0559469539991712
GOOD,897,-0.0211988304093566
MKL,446,-0.0106101394131712
KREF,220,-0.0841379310344827
WTI,1037,0.0222816399286986
FUN,1665,0.0337497260574184
EBR,2004,-0.0426179604261796
ALEX,217,0.0257096946973753
NKE,1734,0.0237210872868478
ACLS,970,0.0459779057102847
MOMO,720,-0.032917139614075
MOV,1304,0.0103986135181974
KRG,36,-0.009208103130755
GPI,1792,0.0237028995340842
KRNT,1009,-0.0068292682926829
KRNY,155,-0.0707171314741035
KRO,1717,-0.168018018018018
MPW,1378,-0.0436893203883496
ALG,217,-0.0219858544876363
ALGN,1682,0.08
MPWR,2014,0.0611265976997252
MPX,731,0.0546875
DCPH,1192,0.0020689655172412
FTS,30,-0.001516300227445
PZZA,1058,-0.0233472304943419
BLX,1068,-0.0229508196721311
RES,53,0.0370581527936146
EW,1985,-0.0321979114868224
MRSN,235,-0.1064356435643564
KW,1100,0.0688210652304008
MRTN,1810,0.0190303579519708
BLNK,1518,-0.0566298342541438
CHT,492,0.0283346698743651
MRTX,1966,-0.0849694589877836
KZR,1203,-0.1136724960254371
PYPL,796,0.0627717391304347
DCP,1535,-0.0007180469123982
MRUS,1475,0.0230728893550078
REVG,917,0.1099230111206159
GRBK,1311,0.061698717948718
REX,1728,-0.0226749469857618
REXR,217,-0.0043003638769434
MRVL,1933,-0.0464008859357696
DCOM,1346,-0.0287206266318537
CHDN,863,-0.0039059321344292
DCO,1946,0.0289962825278811
MSEX,1744,-0.0137254901960783
MSFT,251,0.0372464116750861
BMY,114,-0.025739559164733
PSA,18,0.0123432012042148
GRPN,1329,-0.2170439414114513
NNI,1388,-0.0204538191115372
VGR,118,-0.0429540316503391
MT,1344,0.0289256198347107
NNN,134,-0.0083848190644307
ALLE,1386,0.0110016857421701
VICI,1112,0.0134208171786458
VICR,1522,-0.0602127659574467
ALLK,711,-0.0071428571428572
ALLO,1066,-0.0629921259842518
ALLY,1829,-0.0369118136439268
FTCH,952,-0.0399610136452242
RJF,982,-0.0537064355522772
MTG,98,-0.0072674418604651
MTH,216,0.0238945344685526
MTLS,1217,0.0
MTN,580,-0.0050965780119063
ADSK,1636,0.0449443857265086
GT,1080,0.0127640845070424
APLS,722,-0.0119120342089187
BLMN,80,0.0049808429118773
VIRT,1083,-0.0209466811751902
ARGO,1733,0.0006884681583476
BUSE,8,-0.0575807787903893
GTLS,1477,0.119700374531835
GTN,1998,-0.1179487179487178
MTX,689,0.00559670781893
MTZ,1301,0.0243553008595989
MU,727,-0.0108958837772397
NOMD,599,-0.0066964285714286
NOTV,750,-0.2344666666666666
VIV,1825,0.0194892473118279
MUR,58,-0.0002562788313686
KRYS,1526,-0.0559150286900256
LXP,645,-0.0158197507190794
NOV,61,0.0182815356489947
PVH,218,-0.0214463840399001
GTY,1448,0.0330614622778913
APLE,1011,-0.0154451847365234
MUSA,960,-0.0018032851150574
NPK,1022,0.0768614308611395
APH,97,0.0277347781217751
GVA,1253,-0.0157407407407407
LFVN,1169,-0.0567010309278349
NRG,1015,0.0274473924977127
MYOV,1554,0.0012982195845696
MYRG,826,0.0215570848188375
DLX,1394,-0.0211496746203905
MTB,107,-0.1150149370048057
ALK,1858,0.0340790298975539
DLTR,636,-0.0161068281938325
DBX,1826,-0.0169117647058822
GWRE,1534,0.0824668850591083
BURL,1549,-0.0041073512252042
BKH,30,0.0033382185311838
GWW,59,0.0497284682016068
CSIQ,577,0.090314465408805
BIO,1444,0.0472752385735812
DLTH,1312,0.1497504159733778
A,1964,-0.002606184405156
AA,817,0.0174002047082906
EVC,824,0.0091463414634147
NSIT,1533,0.0361260454002392
NSP,1414,-0.0105568538963655
ALSN,1204,0.0105752961082909
IEX,1686,0.0004889323495422
CSII,1148,0.0012683916793505
ARES,1050,0.0287734094009675
NFLX,1957,-0.0456803154006145
NSSC,592,0.0601265822784808
HAIN,881,-0.028323051037577
NSTG,1539,0.0030737704918031
EVBG,616,0.0208078335373316
ALT,651,-0.079428117553614
ABG,1010,0.0271686481726112
LNN,1872,-0.0053159678383946
ABM,564,-0.0288019004337946
NG,1664,-0.0286225402504473
NGG,376,-0.0098553489111428
CFR,82,-0.0744575936883629
NHTC,1146,0.0923379174852652
HAS,977,-0.039083802944919
NI,30,0.0091141086401749
FTAI,785,0.0067273446774831
NIC,155,-0.050228310502283
NTRA,1451,0.2170957775489188
IHG,775,-0.0004356665698519
NTRS,312,-0.0639760680172142
PTEN,240,0.0176211453744492
APEI,943,-0.0013586956521738
BLKB,528,0.0113126234512479
BLK,446,-0.0181603015515882
HBI,847,-0.0176056338028168
NUE,74,0.0271141901576683
VTNR,959,0.0559662090813093
VTOL,655,-0.0980176211453743
NLY,434,-0.027321083172147
APD,875,0.0188474718511784
AAIC,27,-0.0081967213114754
ARCO,1847,0.016949152542373
CSGS,1939,-0.0339857651245552
HDB,874,-0.0025872264931992
LOCO,1773,0.0062656641604008
LOGI,1817,-0.0133822181484876
LPLA,1443,-0.0201554736335951
LPRO,940,-0.0310734463276836
NUVA,882,-0.0226694425167707
LPX,37,-0.0055546060502477
LQDA,641,-0.0752972258916777
LQDT,905,0.0150078988941548
BLDR,1770,0.011795234725171
NMR,1760,-0.0060679611650485
BLDP,698,0.0263620386643232
APA,919,-0.0042991141219385
NVEC,1122,0.0193471966306921
NVEE,1179,-0.0047519482988025
CSGP,1834,-0.0060147183696575
AAL,157,0.0466207759699626
AOSL,423,0.0134780980906028
AOS,855,0.0389303672101173
NOVT,1684,-0.0441157351347907
NWE,25,-0.0084804430598823
ROAD,1743,-0.0112754158964879
ROCC,58,0.0140481927710842
AORT,1099,-0.0483383685800604
NOW,38,0.037034037531527
AON,238,-0.0049991777668148
AEE,30,0.0107604884536331
NXPI,81,0.0345136709995517
BLD,412,-0.0184016571125776
NYCB,1027,-0.0900900900900901
AGM,1197,-0.009304948540815
EBIX,660,0.0046029919447641
DBI,1212,-0.0582226762002041
AG,1504,-0.0131147540983607
NYT,1189,-0.0309090909090908
WIRE,60,0.0051292679135797
WIX,1806,0.0265105489892854
CRUS,1894,0.0280291970802919
CRTO,1452,-0.0392156862745096
WLK,16,-0.0233338928991102
WLKP,690,-0.028770706190061
LYB,776,-0.0191816935568912
LYFT,681,-0.0364999999999999
NVRO,1657,0.0194020356234094
NVS,1095,-0.04273656680932
LYTS,1317,0.0945454545454544
LYV,918,-0.0265056897030252
NXE,2,-0.0427553444180521
NXGN,1880,-0.0248481501932633
ODFL,92,0.0362259034368921
ODP,1566,0.0734319787985864
EBAY,1421,-0.0400871459694988
OEC,708,0.0215686274509803
EB,595,0.0239726027397262
FRGI,1196,0.0
AGS,1991,0.0116822429906542
OGE,30,0.0008398656215005
ANSS,1044,0.0070155791969961
BLBD,809,0.1216149679960612
OC,1180,0.0133634868421053
ANIP,1177,0.0305927342256213
OKTA,718,0.2077430214616353
OLN,1026,-0.0159833217512161
BL,633,-0.02402720889409
OLP,1876,-0.0161147902869756
WMK,1232,0.0728676085818944
EME,1052,0.0050831240282263
OFC,1600,-0.0310656704679511
FOXF,1096,0.0144680851063829
EVA,1074,-0.2196969696969697
FOXA,422,-0.0211307824100515
AMCX,1460,-0.0572450805008944
AMD,1150,0.1039717485365232
AME,97,-0.0031788640858998
OMAB,152,0.0783289817232375
OMC,1485,-0.0178867174561111
OMCL,1745,0.023052902277737
OMI,1035,-0.0600130463144161
AMEH,1897,0.0627507163323783
AMN,458,-0.0193311854238419
ALL,33,-0.0532691411709892
FOX,422,-0.02
OHI,31,0.0565509518477043
OI,1069,0.0238523852385239
OII,166,-0.0047869794159886
AMP,819,-0.0421150873508909
ANIK,1349,-0.1432176656151419
MEDP,511,0.0146998143181349
OPY,1543,-0.0458153776366523
OMF,1222,-0.0403805987468089
ANF,822,-0.0683441006460388
ONTO,1078,0.0348005335273433
ANET,1255,0.0890771449170872
MGRC,1757,-0.029366005445352
OPI,1170,-0.1058394160583943
FOSL,560,-0.1293302540415705
EAT,80,-0.0127631578947368
OR,1484,-0.0152555301296719
OSIS,585,0.0244192328471097
OSK,1393,-0.008128713981388
OSPN,1123,0.2640532544378697
ORA,1116,0.0494668246445497
APAM,1220,-0.0309372156505914
ORAN,492,0.0
ORCL,1986,0.0179633867276887
BKU,19,-0.1078486730660643
FOR,1028,0.0077084793272601
FOLD,1828,-0.1015921152388172
CRSP,1846,-0.0273722627737226
AMRK,1018,-0.0375298532923915
ORLY,59,0.0049753041802191
PRMW,1527,-0.018733850129199
APPF,601,-0.0421020748144782
CRS,1,0.0088971653217462
ANGO,534,-0.0775444264943457
OSTK,1704,-0.0459473412493547
OSUR,549,0.0340729001584787
PRLB,1927,0.0992366412213741
CZR,184,0.0460992907801418
OTEX,1775,0.047451669595782
HLX,166,0.0030193236714977
LDOS,1802,-0.0302874214484392
BKR,77,0.0256535947712417
PARR,507,0.0302375809935204
PAYS,1336,0.0128865979381445
PAYX,204,0.0213315217391303
PB,827,-0.0734426452578582
PBA,989,0.0307551766138853
OTTR,861,0.0090280716603188
OUT,1231,-0.0069970845481047
PRI,1164,-0.0860685630926332
PBR,1216,0.0288548241659152
PRGS,1047,-0.0059192200557102
OWL,36,-0.0012155591572123
APO,572,-0.0060648801128351
PRGO,986,-0.0250729636508357
ANDE,579,-0.0315581854043393
APOG,813,-0.0044798951048951
ANAB,561,-0.0803212851405622
FNLC,94,-0.0167349726775957
HOFT,734,-0.0402547191266772
HOG,801,-0.0970873786407767
WWW,1004,0.0017910447761195
FNKO,1855,-0.2109158186864015
AQUA,582,0.0047364085667214
HOLI,1181,-0.0440456769983688
MNRO,1581,-0.006578947368421
OXY,100,0.0595116120218579
XEL,30,0.0034071550255538
OZK,937,-0.1544644796871604
HOLX,584,-0.0096685082872928
HOMB,112,-0.0787427385892116
BKNG,446,0.0221870047543581
PAA,73,-0.0018867924528301
WTRG,41,-0.010752688172043
PAM,24,-0.0133373749621098
PANW,1316,-0.0020703933747412
HON,642,0.0255901399623981
HONE,2012,-0.0636430138990489
HOPE,187,-0.063231850117096
PCRX,604,-0.0650692976274371
BUD,118,0.0037891268533771
BGNE,1079,-0.0036949650536437
AR,103,-0.0486641221374045
FNF,851,-0.0747616658304063
FN,1901,0.0075490276524166
SBAC,55,-0.0381048775785618
XENE,798,-0.0950329447541814
FMX,996,-0.0127556570931244
MTDR,58,0.0120858895705522
PAYC,245,0.0047000622708088
AN,111,0.0462969745806169
MTW,1899,0.0269698572184029
MUFG,927,0.0189340813464236
MVBF,576,-0.0582631000366434
AMZN,251,0.0150164491138702
CROX,563,0.020276066058664
BANC,1896,-0.082051282051282
CRL,1506,0.0156378225585849
NBHC,28,-0.0718695974314646
CYTK,904,-0.1071840405904058
PDS,240,0.00228110194771
FMS,640,-0.023906408952187
FMNB,62,-0.0680701754385965
PCG,1297,0.0441741357234315
CYRX,733,0.0650969529085871
NEP,693,0.0018865076969514
PCH,1842,0.0562117235345582
GPC,857,-0.0480725494655446
PFBC,1758,-0.0676136363636363
ATNI,597,-0.0240190249702734
ATO,40,-0.0069142806488786
ATOM,115,-0.0248868778280543
AMX,1308,0.0461613216715259
PDCE,58,0.0353717026378896
ATUS,665,0.0012626262626262
ATVI,707,0.0401967213114753
PDCO,741,0.015082956259427
HOUS,1638,-0.1355785837651123
HOV,603,0.0436059315812655
PDD,1562,0.010030776245298
PFC,250,-0.0699033037872682
PFE,2001,-0.0124476213951195
ATXS,906,0.1108374384236452
HP,240,-0.0099809885931558
PFG,1178,-0.0889906208128629
PDFS,1053,0.0411324786324787
PEBO,17,-0.0684667309546769
AU,71,0.0213085234093637
PEG,30,-0.0297865298692702
PEGA,1579,0.0259810263044415
AMWD,852,0.0638485680659082
PFGC,840,-0.0022972256582435
PFIS,6,-0.0040363269424822
PEP,124,0.003132432275654
AUPH,557,0.136963696369637
NOAH,1713,0.0066809192944949
SCHW,1791,-0.0813655030800821
AUY,1878,0.0127450980392158
NOC,125,-0.0012927969662365
DIS,1886,-0.004818793293846
PHG,569,0.0324556031843235
DIOD,923,0.0140691460355546
BKD,1661,0.0154798761609906
FMC,887,-0.0188153310104529
FMBH,8,-0.0827686350435623
AVB,1816,0.0091003941571992
HQY,955,0.0276967930029152
HR,165,-0.0033871808233455
EAF,1953,-0.0212389380530974
AVD,475,-0.026353617632966
DINO,2018,0.025765875431122
ASTE,1133,0.0088829669109482
PLCE,1719,-0.0050155242417004
PLD,1523,0.0115883306320907
CFG,10,-0.1096743295019156
NS,2002,0.0467648942985265
PPL,30,-0.0132988548208348
NSA,221,0.0293144208037825
NSC,162,-0.0433680277555377
CRK,961,-0.0333607907742998
ADNT,764,0.020131086142322
PLXS,602,0.0315987068516008
PLYA,719,0.0341928251121075
PLYM,1359,0.0023116042533517
AMTX,587,-0.1358543417366946
LILA,331,0.0034013605442175
PH,78,0.0273980389370469
PM,118,0.0248715313463514
CXW,609,-0.0030895983522143
DIN,831,-0.0747358810486501
NVCR,1269,-0.0418344809666103
NVDA,251,0.039794933655006
PNC,68,-0.1008105369807497
PNFP,9,-0.1414495883385073
HRI,1870,-0.0227035308865519
FLT,677,-0.0204385679035336
AWI,945,-0.0566229800229036
NWPX,1799,0.0395636363636364
NWS,491,-0.0272305909617613
CX,1051,0.077309236947791
LIVN,366,-0.0769230769230769
LKQ,1867,0.0008727526618956
LL,508,-0.1782178217821781
PPBI,246,-0.1061073411474399
AWK,70,-0.0214774184356745
HRL,39,-0.098017124831005
PPC,523,0.0320649850363403
AGIO,559,-0.0770446463848281
AX,909,-0.0871491875923191
FLS,726,-0.0198904583453444
ACHC,1755,-0.0137912012136257
EA,316,0.0079772850189292
PR,58,0.0418215613382899
LNG,629,-0.0277106902249905
AXNX,858,-0.09136295556665
AXON,2011,0.1038140881633467
AXP,217,0.0226162423127767
POWL,969,0.0536640360766627
FLR,1959,-0.0239978183801473
PRA,520,-0.0487682252388134
PRAA,428,-0.0300751879699248
POWI,749,0.0264437689969605
ELV,226,-0.0072604168884536
AVAV,1683,0.0944716585024494
OFG,1001,-0.0784023668639053
OFIX,411,-0.0936893203883495
OFLX,953,-0.0569737068224781
PRDO,1372,-0.0068915487849111
E,84,0.0003526093088859
POST,320,-0.0095598043574922
PRFT,1063,0.0353107344632768
AVNS,590,0.0057000356252225
LOW,1580,-0.0126366950182259
LPG,1879,0.0136674259681093
LPL,418,-0.0025773195876289
PRIM,1230,-0.0290909090909091
PRK,8,-0.0473507083039836
FLO,669,-0.0090383224873463
LRCX,1958,0.0270467685850084
AXGN,1194,-0.016969696969697
AXL,1045,0.0232954545454544
HSIC,504,-0.0071510662750606
HSII,949,-0.0431109816487036
AZN,1926,-0.0070573795642836
AZO,446,-0.0191873044471434
BBDC,1466,-0.0231875445685761
LSXMA,311,-0.0972522383451682
PNR,879,-0.0048265999284947
HSKA,728,0.0708584059928771
CF,521,-0.0413528932355338
OPCH,671,0.0476035213563743
CWT,242,-0.014937106918239
LULU,687,-0.0068402328589909
LUMN,547,-0.1191176470588234
LUNA,1511,0.0119521912350597
BALL,787,-0.0129870129870131
AMTB,1731,-0.0827464788732393
AMT,55,-0.0108797535478004
CWST,47,0.0107941403238243
BK,312,-0.0392099056603774
LW,614,-0.0103338632750398
BECN,993,0.0013846153846155
LXFR,556,-0.0271575135787567
PSTG,1144,-0.145760336370007
PSX,100,-0.0040951638065522
BJRI,80,-0.02875
LZB,721,-0.0546753650201925
M,1384,0.0224828934506353
MA,169,0.0188578344451011
MAA,70,-0.0354778263585259
ELS,70,-0.0281710699168005
BCE,376,-0.0045197740112995
PTGX,942,0.5172626387176327
OVV,58,-0.0224456394669161
OXM,1890,-0.0234673922285519
PAC,152,-0.0190446127946127
PACB,1622,-0.0137665198237885
HSTM,859,-0.002729044834308
MAN,1658,-0.0088949104618284
MANH,615,0.0043826086956522
MANU,1725,0.0162313253012047
PTMN,275,0.0077854671280277
BERY,307,-0.0205314009661835
HSY,125,0.001720375965089
HT,659,-0.0831339712918659
PUK,1582,-0.0022853411687887
MAR,42,0.0185535334436302
MAS,1754,-0.0061033759298111
HTGC,1800,-0.0209424083769632
HTH,992,-0.0524570394935183
PBPB,363,0.2291666666666665
MASI,695,0.0525969756738988
PLUG,725,-0.0662407531943509
PUMP,53,0.0607264472190691
AGI,760,-0.0206286836935165
MAXR,1002,-0.0077669902912621
PLOW,613,-0.0603378921962992
PLNT,1737,-0.0175200493522517
PLAB,605,-0.0192962542565267
PI,1224,0.0398884029558135
PXD,100,0.0515828296281117
PKX,418,0.0050828004590914
MBUU,1540,0.0060240963855422
MBWM,220,-0.0163455925277289
PKI,1633,0.0172593722405074
PKG,782,0.0064409011117612
HTHT,116,0.0287101541059742
PJT,1996,-0.026837954718901
CWK,548,-0.0348686244204018
HTLD,2013,0.0257284562926225
PK,13,-0.0076363636363636
QCRH,123,-0.085997382688353
BFST,200,-0.0882917466410748
PLAY,789,-0.0359820089955024
WWE,340,-0.0354761904761905
MCY,1038,-0.0736886930983846
CRI,1709,-0.0264674350040204
MD,832,-0.0635324015247776
MDGL,716,-0.037194199476034
BG,362,0.0164397905759161
MDLZ,124,-0.0004602638846271
PLUS,281,-0.0412589994461879
FLIC,8,-0.0393654524089305
BGFV,409,-0.0249150622876558
MLI,60,0.0142530755711773
RRC,103,-0.0133630289532294
MDT,56,-0.0503623188405797
CWEN,954,-0.004297994269341
MDU,1318,-0.0202403542061986
MED,46,-0.0328190493177561
HUBB,234,0.003657469984893
HUBG,868,0.0001090155892291
HUBS,729,0.0493460166468489
SILC,913,-0.0110207294673314
AMSF,207,-0.0575724239090575
AMSC,646,0.0419776119402983
MEOH,769,0.0005948839976204
MERC,578,0.0041743970315399
MET,177,-0.0773734838979506
QTRX,1430,0.1881818181818182
HUN,639,-0.0318677573278799
MGI,586,-0.0036866359447004
MGTX,1201,-0.0479274611398964
DCI,1992,0.0483794466403162
HURN,627,0.0978771904829749
RBBN,1497,0.0145739910313902
RBC,588,0.0373351899395151
RBCAA,1861,-0.0444943820224718
BJ,1692,0.0845403899721448
RCKY,946,-0.0343726521412472
TU,902,-0.0160965794768611
XHR,13,0.0113960113960114
MHK,1741,-0.0117647058823529
RCL,210,0.0051670441676103
RCM,1513,-0.0088028169014084
RDWR,1108,0.0422467594815172
RDY,589,0.0283253588516745
RE,976,-0.0114462067349012
MITK,862,0.0129032258064514
CWCO,828,-0.0068493150684931
FLGT,554,-0.0292772186642269
BKCC,1081,-0.0054054054054054
BKE,1786,-0.09757293454278
MKSI,635,-0.0309501702259362
HWKN,1374,-0.0044258667322351
MKTX,739,0.0574608288182749
MLCO,118,0.0156494522691705
MLKN,452,-0.0149852258336851
MLM,64,0.0101330660876342
RHI,696,-0.0084346316050608
MLR,758,0.0960086299892126
MMI,1492,-0.0225487343613616
MMM,938,0.0011137924633377
CW,1634,0.0026317295039761
YELP,1771,-0.0039973351099267
ETSY,1126,-0.0969442385305987
CVX,100,0.021148224171176
RMBS,877,-0.0052000904363553
YMAB,1673,-0.0223684210526315
YORW,273,-0.0045998160073595
YPF,26,0.0076465590484282
BOH,17,-0.0547689019503071
ETRN,598,0.0008291873963515
RNR,995,-0.0233131689157748
HZNP,791,0.0042012969220934
RNST,108,-0.1006114508060033
DZSI,1617,-0.0284716981132076
CEQP,990,0.0392236150424585
MNKD,497,-0.0994318181818182
YUM,4,0.0022805913809373
YUMC,116,0.0143320252516636
YY,811,-0.0678343949044585
FLEX,533,0.0105448154657292
MOD,717,0.0417861532158951
MODG,413,0.0038826574633303
CEPU,102,-0.0133656957928801
MOH,600,-0.0221552319035338
MORN,1107,0.0078618627309119
Z,179,-0.0061904761904761
ZBH,324,-0.0051465245822233
ZBRA,712,0.015820149875104
ZD,1409,-0.0212712079007344
ROG,755,0.1137228260869565
ROIC,65,-0.0203794799718904
ROK,78,0.0386023802258161
ADP,204,0.0093713037940132
MOS,113,0.0084921683336478
ZEUS,1742,0.0600285714285713
ZG,179,-0.0101571946795647
CVS,183,-0.0605697869284175
IBCP,8,-0.0507936507936508
ZION,985,-0.1501382852627418
BR,468,0.0200305441113792
CI,226,-0.0526768215108482
IBKR,555,0.0313552432934618
IBN,1029,0.0050773694390715
IBOC,1732,-0.0640840717082217
IBP,412,-0.0034234702721441
ROKU,1833,-0.005565002318751
ROL,353,0.0024147727272725
MRCY,77,-0.0200611387084448
MRK,208,0.0247552710843375
MRNS,358,0.0768115942028984
MRO,58,-0.0027833001988071
ROST,706,-0.0241993848380677
RPD,876,0.0427061310782241
RRR,184,0.0494618731394549
RRX,217,0.0121796498350672
RS,956,0.0235837637185281
IBTX,401,-0.0939517499150527
ZTO,474,0.0554862842892769
MSI,486,0.0272820668924318
MSM,939,0.0110033128253668
AMRC,1739,0.0630261660978384
AMR,896,0.079050912125909
MTD,446,0.0450404893597728
RSG,204,-0.0007756146746296
AMSWA,477,0.0066469719350075
DHIL,786,0.0148443366256569
RUTH,80,-0.0498659517426273
RY,95,-0.022763106030745
RYAAY,36,0.020319068664439
MTRN,14,0.0137893982808021
MTRX,803,0.0955766192733016
MTSI,451,0.0830172162241027
MXL,662,0.0431043554516223
BSIG,1241,-0.0127642600717989
SAP,810,0.0358654015111579
ETR,30,0.0103042675221152
ICLR,322,0.0200771174046003
SAND,647,-0.013211382113821
SANM,900,0.0023321204101884
NBIX,1406,-0.0529582929194956
NBTB,120,-0.0835181079083517
SBNY,816,-0.1617557583659278
SBOW,710,0.0375710804224207
SBRA,31,-0.0188916876574306
SBSI,62,-0.0811730819586278
BSM,679,-0.0405144694533762
NCLH,997,0.0084345479082321
NCR,1056,-0.0466118292205248
ARNC,1968,0.021180030257186
AROC,1778,-0.0090334236675699
AROW,8,-0.0493377483443707
ASIX,743,-0.0580346257010484
NDAQ,87,-0.0171245094541562
NDSN,1005,0.0109269714077582
NEE,87,0.0509643812473603
NEM,252,-0.0202546296296296
NESR,1103,-0.0208978328173374
NFBK,8,-0.0632222977566282
FICO,1516,0.042988529502945
SCI,911,-0.0236931734044127
IDCC,1616,0.032333196328264
SCU,675,0.120401337792642
SCVL,1404,-0.003415559772296
NFE,805,0.0169748408608667
NFG,912,0.0094273743016759
EIX,1033,0.0319438151336657
LTC,31,-0.0217755443886097
NGS,1412,-0.0072727272727273
NGVC,540,0.0027322404371583
NGVT,1142,-0.0746729651162791
NHC,935,-0.0340990667623832
NICE,1772,0.0279157224820403
SF,619,-0.0320215472093371
CUTR,573,-0.0320690718470552
BIP,1419,0.0174189639503181
NIO,767,-0.0441959531416401
NIU,869,-0.0761904761904762
NJR,374,0.0016656868508719
AMPH,1538,0.1126804770872569
AIG,177,-0.0697921780396007
BIOX,77,0.023417172593235
NMFC,414,-0.0177725118483411
NMIH,1252,0.0107112253641816
NMRK,684,-0.0299161346851921
SHEN,774,-0.0345799180327869
BEN,299,-0.0295215473362741
SHG,443,-0.0522582849333788
BIIB,944,-0.0268287260060772
NOG,843,0.0259342783505154
NOK,1596,0.0467391304347828
NPO,1358,-0.0714418604651163
SHO,89,-0.0312204351939451
IDT,359,0.0628082867477803
IEP,732,0.0033451031406801
SHYF,751,0.0202468183571151
NRC,856,-0.0168290522586359
SITC,65,-0.0332834704562452
SITE,926,-0.012988405015505
BCSF,275,0.0023148148148146
IESC,821,0.0722776985259152
NRP,1218,0.0731319554848966
IFF,1932,-0.0596030042918456
FGEN,527,-0.0604729729729728
DY,1531,0.2401140007125046
NTAP,668,0.0029434546862896
NTB,715,-0.0673582295988933
NTCT,1214,-0.0291842475386779
NTES,474,0.0514278330533661
NTGR,1104,-0.0011049723756907
BZUN,623,-0.0977742448330684
NTLA,808,-0.0313666915608664
NTNX,697,-0.0923893805309734
NTR,1385,0.0338133196194394
C,865,-0.0110475438942591
SJM,110,0.0089931705997701
SKM,418,0.0535995796111403
SKT,109,-0.0206458443620963
SKX,1568,-0.0069647270276341
SKY,69,0.0223651512936704
IIPR,606,-0.0309919692342495
NUS,1019,0.0047690763052208
PCAR,199,0.0464681440443213
NVGS,524,-0.0295176385889128
SLGN,225,-0.0109550561797753
SLM,737,-0.0140154169586544
SM,58,0.0125381226702812
SMAR,1494,0.0188550658791457
SMBC,220,-0.0783275713050993
SMBK,8,-0.0633699633699633
SMCI,666,0.0293967541084005
ILPT,35,-0.073170731707317
NVO,208,0.0173771189446059
NVR,446,0.0350083693815934
ACGLO,1928,-0.0063820422535211
ALGT,818,0.005021940516821
THO,248,-0.042092537641499
THRM,1059,0.002361832782239
CARE,0,-0.035118019573978
CARG,930,0.0134897360703811
CARS,325,-0.1125
NWL,541,-0.1008509189925118
NWLI,1003,-0.0431446680751697
NWN,40,-0.034340091021928
SNV,1874,-0.1186319062425257
FFWM,1605,-0.1114797611147976
NWSA,491,-0.0297376093294459
NX,907,-0.0339113680154141
SON,306,-0.016762614290552
SONO,529,0.0386001029336078
BIG,667,0.0241602787456445
BIDU,1586,-0.0130002178807465
CHCO,217,-0.0676171079429734
CHCT,703,-0.0382034073309242
CHD,217,-0.0032227261876341
SP,871,0.0295414462081127
PAR,274,0.0477306002928259
CPSI,699,0.0
NXRT,401,-0.0439810035102209
NXST,889,-0.1027165142549757
CTLT,594,0.0502785107006744
CPS,631,0.0583072100313479
CPRX,512,0.0032765399737877
DXPE,1983,0.0020754064337598
TLK,418,0.0050465838509317
O,188,0.0081313526192337
BLFS,1152,-0.0103181427343078
FFIV,1226,0.0137431808644565
CSTM,1091,-0.0131332082551595
CHK,1310,-0.0174868848363728
TLYS,1077,-0.0334101382488478
TM,36,0.0297233666862861
OCFC,220,-0.0581787521079257
OCN,501,-0.0952235150030617
OCSL,414,-0.0241141732283465
BMA,26,-0.026061776061776
OGS,40,-0.0429141716566866
CHKP,66,0.0193178144196572
BHP,201,0.0067246186649172
TMHC,233,0.0326542003907339
SPH,1371,-0.000656598818122
BHLB,1072,-0.0843083275980729
BHK,1674,-0.0282169117647058
OIS,166,0.0416210295728367
OKE,205,0.0284186401833461
SPNS,608,-0.01454898157129
SPNT,583,0.0338028169014084
FFIN,494,-0.0718375136314066
DGX,963,-0.0156475860075168
CIVB,8,-0.0262541022034692
CIVI,277,0.0379079378651845
SPTN,705,-0.0048579970104635
ROCK,558,-0.0189103164201459
FFIC,44,-0.0986125385405961
CLAR,35,0.0159019548262939
TMST,908,0.0191361399671952
TMUS,1532,0.0071740047826698
CLB,1852,0.0224130708001675
SPWH,433,0.0155728587319243
SPWR,883,0.073901464713715
SPXC,1486,0.0059625212947189
OOMA,1105,0.0080213903743315
CSTE,510,-0.1752577319587629
FFBC,196,-0.0787337662337662
TNDM,1238,0.1523982152816509
CMI,472,0.0389377982557181
OPRA,1030,-0.0265486725663715
OPRX,723,-0.2016806722689076
TNL,137,0.0057210965435039
CSR,339,-0.0118191982111484
ORI,415,-0.0403905053598774
ONB,88,-0.0848896434634974
ON,392,0.0876501743960729
SRC,1006,0.0092277804759592
SRCE,200,-0.0586109995985548
SRCL,610,-0.0375419463087247
SRDX,352,-0.0772664835164834
BHF,745,-0.0714162199550405
BHE,20,0.0193358554014291
BHC,1606,-0.0972073039742213
CNOB,63,-0.0824742268041237
OSBC,0,-0.0645355850422194
OLLI,46,-0.030066041014946
KMT,709,0.0345923049770562
CNP,844,0.0102300503235082
SQM,565,-0.0623098591549295
TPIC,1087,0.2171280276816609
TPL,446,0.0089761049894763
SSB,11,-0.046232027764006
SSD,341,0.0119599480808456
CELH,1350,-0.0334801762114536
CPRT,1298,0.0073800738007381
ETN,234,0.0211097708082026
SSP,674,-0.1489698890649762
TPR,752,-0.0216042289128934
OXLC,607,-0.0073712255772646
SSRM,978,-0.0316642120765832
PAG,111,0.0100936524453691
FET,574,0.0174180327868851
PAGP,73,-0.0068296189791516
PAGS,998,0.0559400230680506
PAHC,925,0.005092297899427
PARA,936,0.0042016806722688
PATK,471,-0.0144131777625257
TRIP,349,-0.0412610106629578
SSTI,513,0.0771260997067446
PBF,203,0.041681537405628
SSTK,928,-0.009472981987992
TSCO,884,-0.0135471148075109
PBH,964,-0.0230473029045642
SSYS,34,0.1258918918918918
ST,802,0.0136417556346382
STAA,596,0.1113919480050551
TSEM,701,0.0175049309664694
TSLA,251,-0.1178844003694521
ALE,1599,0.014218009478673
COO,371,0.0423739180964612
TT,1498,0.0454594799978287
STN,934,0.0046535677352637
STNE,841,0.109283196239718
STNG,153,0.0290890957446807
ACGL,539,0.0005714285714286
CB,502,-0.037958487347171
TTMI,1883,0.0135440180586907
CPRI,218,-0.0819043776477709
TTWO,686,0.0625285257873118
STT,688,-0.041723049165539
PCTY,245,-0.0283214786355848
PCYO,933,0.0271800679501699
PGTI,1708,0.0420803782505909
BHB,833,-0.0031134917977904
TUP,620,-0.2085365853658535
PDM,850,-0.0382513661202185
TV,253,0.0393145161290322
TWI,849,0.04754230459307
PEAK,401,-0.0290939318370739
PEB,13,0.0402943237561317
SUZ,981,-0.0061117196056956
TWLO,1798,0.0784109507513763
TWNK,266,-0.0076923076923075
TWO,288,-0.0458660229330114
TWOU,567,-0.0050223214285716
TWST,51,-0.0739928057553958
FE,1007,0.002023267577137
FDX,1237,0.0443361873831316
TXN,479,0.0328375619714202
TXRH,566,0.034155034155034
TXT,348,0.0051013373776369
PERI,490,0.0650563129816241
OLED,390,0.0553551711446449
PETQ,611,0.2199570815450642
OCUL,947,-0.0975331125827815
PETS,921,-0.0564430244941428
SWAV,899,0.0443124474348191
VRTV,450,-0.1327803583278035
OBNK,484,-0.0709575309944605
AMOT,364,-0.0568813716404077
SWI,526,0.096830985915493
PFLT,488,0.0166666666666668
SWK,878,-0.0113194198797312
SWKS,664,0.0371067491261092
SWN,104,-0.0122641509433961
CRC,405,0.0071547817791557
PFS,845,-0.0753747323340471
PG,124,-0.0018900843268391
UBA,965,-0.0242774566473988
BFS,279,-0.0293743641912512
PGC,991,-0.0524899057873484
PGR,275,0.0066192865105907
PGRE,962,-0.0417457305502846
DXCM,770,0.0495450860282857
SYNA,487,-0.0289516197602245
NWG,866,-0.0042372881355932
SYNH,553,-0.0275982098458478
UCTT,75,-0.0112994350282485
UDR,973,-0.0232259570494866
UE,65,-0.0376623376623376
UEC,2,-0.0851351351351352
UEIC,410,-0.2004716981132076
CPB,110,0.0026656511805025
NWBI,120,-0.0694645441389291
PHI,469,-0.0046908315565031
UFCS,514,-0.0460756832515766
UFI,1514,-0.0531400966183573
UFPI,948,-0.0120425581667251
UFPT,757,0.0023785253143051
SYY,1557,0.0089848464529971
PHM,20,0.013535760014633
UGI,773,-0.0143701316142894
FDS,653,-0.0099143649740682
COOP,476,-0.0338143441740254
TA,581,0.0018968583283938
UHAL,672,-0.0015573898146705
PII,1313,0.0260219780219779
PINC,509,-0.0378999689344516
TAP,118,0.01364153088291
UHS,1849,-0.088118589503631
UHT,692,-0.0748774047529234
UI,1610,0.0213194185613119
UIS,746,-0.0893574297188755
TARO,297,-0.0181998676373261
AMNB,8,-0.0206958608278345
UL,83,-0.0174243941518125
BFIN,229,-0.0019436345966957
ULH,400,0.0317567567567567
PIPR,1086,-0.0727028839704896
AMKR,724,0.0225155279503104
TBI,532,-0.0106951871657753
BFH,765,-0.1078646213781349
IMMR,766,0.0464052287581699
PLL,702,-0.0804314329738059
TCOM,880,0.0052039381153305
FDP,321,-0.0049791198201091
TCS,493,-0.050574712643678
CLW,885,-0.0465146410987302
UNF,516,-0.0059748748850985
UNFI,895,-0.2764547016940829
UNH,226,-0.0129323023910576
TEF,999,0.011002444987775
TENB,543,0.0174089984173637
PMT,386,-0.0168841135840367
CLX,110,-0.0328744209984559
CME,52,-0.0229391454466983
UNIT,1315,-0.2012750455373406
UNM,181,-0.0219977553310886
CONN,536,-0.0758459743290549
TER,21,0.0288708720585326
TFSL,435,-0.0802816901408449
TFX,621,-0.031022741603262
DHI,216,0.0392517301038062
COP,100,0.0396710208030963
TGTX,498,0.102996254681648
CMTL,480,-0.0018761726078798
UPS,678,0.0230149597238205
PNM,319,0.0020408163265306
COLB,440,-0.1314328960645812
CNDT,761,-0.0628140703517587
THC,762,-0.0288740816675209
COKE,968,-0.0267120409445991
ESE,1138,0.0005365382551776
AGCO,298,-0.0056814146722534
PNW,41,0.0555103148751354
PODD,421,0.0589448545375594
URBN,336,0.0029684601113173
URGN,309,0.0334951456310679
NVMI,255,0.0598366085228527
ADM,685,-0.0007537688442209
URI,800,0.0059547947836851
COHU,429,0.0033602150537634
COHR,72,-0.0401112914444703
TIGO,161,-0.0343607882769074
USAC,893,0.0344003822264691
INCY,1410,-0.0414393348921797
POOL,768,-0.0051280614246483
POR,41,-0.0156903765690377
THS,291,-0.0170116827218691
INDB,220,-0.0803212851405623
BFC,966,-0.0585060713847662
BFAM,1560,0.0561263318112632
DXC,517,-0.0248738284066329
CODI,542,-0.084060633899862
TNC,217,-0.0063775510204081
TNET,1300,0.024616869796066
TPC,335,0.0789149198520346
TPH,216,0.0218120805369126
INFU,870,0.002129925452609
INFY,914,0.004180602006689
ING,163,-0.0171796707229777
INGN,1884,-0.0893426930440332
INGR,1669,-0.0187625754527164
USFD,525,0.0141220357047695
CORT,562,0.0156024963994241
USM,1389,-0.0646498135101533
TOWN,108,-0.0649521925486317
TPB,1774,-0.0725941422594141
TR,217,-0.032316795630405
TRC,612,0.0010411244143675
USPH,537,-0.0628639099970393
TREE,439,-0.0167020953537806
TREX,436,0.0138861725014669
UTMD,694,-0.0319241664850731
PRO,704,0.0387121502491376
FCPT,134,-0.005524861878453
UVE,14,0.0187793427230047
TRGP,244,0.0315789473684211
TPX,105,-0.0306504445484324
INN,72,0.0175675675675675
GPN,265,-0.0320855614973263
TRMB,361,-0.0163273146369573
TRMD,153,0.0046835083735454
VAC,137,-0.0022328758127011
TRMK,250,-0.0828231292517006
VALE,424,0.0190820073439412
COGT,57,-0.0786092214663644
TRTX,779,0.0188457008244993
BEP,657,0.096094946401225
AM,103,-0.0137571157495255
TRU,466,-0.0074249846907532
CSTR,123,-0.0826589595375723
CSV,263,-0.0285966981132075
CSWC,278,-0.0111655135710483
CSWI,638,0.0073467081096354
CSX,162,-0.0072154804854049
INSW,153,-0.0166213063763607
VBTX,19,-0.0772693173293322
PRTA,465,-0.0770265423242466
PRTS,1482,-0.0103668261562998
PRU,217,-0.0704
INT,568,-0.0528233151183971
VC,825,0.0164032567049809
VCEL,783,0.017428477474515
PRVB,1270,-0.1144578313253013
TRUP,1746,-0.0205456382620411
COTY,290,-0.0061946902654868
ALX,329,-0.0646841167603125
INTC,575,0.0750100280786201
INTU,38,0.032491772680387
FTI,427,-0.0039241334205362
VCTR,628,-0.0562426383981154
BE,148,0.0524527431996311
FCNCA,972,-0.0910311273440906
RMD,924,0.0122065727699529
BDX,994,0.0050095928373481
FCFS,656,-0.0003966005665722
FCF,101,-0.1099312929419114
VECO,286,-0.0089327691584392
DX,1519,-0.0272184429327286
BDN,93,-0.0568760611205433
VEEV,408,0.0462091029820113
VET,983,0.0425373134328357
VFC,842,-0.0529814665592265
PSMT,806,-0.0119047619047618
PSO,360,-0.0610200364298725
PTC,807,-0.0173940796297773
PTCT,738,0.0957178841309822
FCEL,261,0.1347604790419161
TTC,380,0.0374411445128577
BDC,243,0.0237022991230149
PTSI,271,0.0506896551724138
CLH,211,0.0629211781630953
CWH,984,-0.0148926850635129
PWR,283,0.0155514250309789
FCBC,8,-0.0813581037796283
CLDX,389,0.064851600841318
EGLE,496,-0.1979469894285276
QCOM,1662,-0.0134375763498656
BCS,163,-0.0691489361702129
FC,788,0.0157883507574141
BCRX,404,-0.0468926553672315
QDEL,305,0.0006901311249136
BCPC,303,-0.0079230769230769
DGII,618,0.0097243032664069
QNST,453,-0.0453741897466116
CZNC,8,-0.015111111111111
EGHT,420,0.0457706766917294
CLDT,13,-0.0425880425880427
IPWR,853,-0.0442096505823627
QRVO,538,0.0009911785112497
CLBK,1670,-0.0563981042654029
CDNA,438,-0.3668252080856123
EGBN,784,-0.0661721068249258
ACET,1544,-0.0266497461928933
ALV,223,0.0366543397868175
CL,124,-0.0242837653478854
RAMP,551,-0.0336436732966567
LLY,114,0.0180418996208469
RBA,347,-0.005067843714239
RBB,12,-0.062753036437247
RC,691,-0.0213055062166963
EGAN,979,0.024135723431498
CDAY,304,-0.0041135335252984
BCOV,391,-0.0670391061452514
BCO,1071,0.0332567049808429
CPF,518,-0.0543914400356664
CIR,269,-0.043047488896481
CIO,372,-0.0295508274231678
RCI,759,-0.0504395144411888
RCKT,872,0.0562207183758458
RCUS,262,-0.0444810543657332
DEA,167,-0.0148347943358058
DECK,980,0.0292542332172449
VNDA,462,-0.0201863354037268
VNET,654,-0.0730478589420654
RDNT,447,0.0307398770404916
FBP,910,-0.1119917298414886
UNP,162,-0.0199247394828251
DESP,663,0.0032520325203251
IRWD,289,-0.0381543921916592
UNVR,753,-0.0454129496402877
REG,217,-0.0193958664546899
FBNC,101,-0.0674861412388528
CPE,113,-0.0023219814241485
FBMS,23,-0.0737783455764931
REGN,740,-0.0100405039320375
CPG,58,0.0395314787701317
REPL,464,-0.0582191780821916
ISEE,455,0.1501443695861404
REPX,535,0.1339869281045751
FBK,28,-0.1054948262138497
MKC,39,-0.0225376749192679
USB,10,-0.072072072072072
CPT,973,-0.0151620773788777
BCC,37,-0.0192446823903921
FBIN,326,-0.026634382566586
RGLD,217,-0.0420069029379578
VPG,317,0.0123853211009175
RGNX,742,0.0166696629213483
ALRM,624,-0.0082628369073382
RGP,32,-0.0077519379844959
RGR,886,-0.0399004633602196
ACRE,219,-0.06631299734748
DDD,34,0.1001021450459653
VRA,1092,0.0924528301886793
ACCO,1000,-0.0485008818342151
RHP,301,0.0159534332219468
RICK,151,0.0183836695714456
RIG,838,0.0257510729613732
RILY,570,-0.0321769733534439
MGY,58,-0.0041189931350114
CENTA,129,-0.0145719489981785
DFFN,333,0.0655888904357511
RIO,201,-0.0113294134518859
RITM,199,-0.0340659340659341
FAST,898,0.0279286268425136
MGIC,500,0.0516363636363637
FARO,625,-0.0158088235294117
VSH,1528,0.0277908619877531
RM,370,-0.0399777918781726
RMAX,661,-0.007119386637459
RMR,327,0.0092395167022032
DLB,407,0.0075364608653378
VST,756,0.1934970441109595
CPA,922,0.0568489442338928
BC,482,-0.0003431708991077
BBY,571,-0.0268319095175069
BBWI,531,-0.0484462931245411
CP,96,-0.0137608638398736
BBW,778,0.2596658711217183
DLR,55,0.0159263167993859
CCK,302,-0.0052161817549554
RNG,344,0.0750605326876514
ITRI,337,-0.0198135198135198
FARM,150,-0.0508849557522123
ITUB,296,-0.0056168088204702
ITW,763,0.0233745067764625
ES,30,0.0062943618588455
CBSH,224,-0.0614754098360655
CBRL,237,0.0100495594713656
CBRE,473,-0.0240803382663847
FANH,313,0.069078947368421
MATW,797,-0.0243710691823899
MATV,522,-0.0301842414739319
CQP,387,-0.0058656957928802
MAT,1832,-0.025569760978321
CATO,280,-0.0178378378378377
ROP,294,0.0038586703858671
CAT,1630,0.0365268211229388
CASY,419,0.0408752103871123
CASS,1039,-0.0110278818143987
RPM,456,-0.001449847681372
RPT,65,-0.0373134328358208
RRGB,334,0.3830787309048178
CASH,138,-0.0594001176239953
AMH,70,-0.0008059316569954
AL,799,-0.0502541589648799
IX,36,-0.0020138733497425
DVA,846,-0.0564672988086556
MAG,430,-0.0552763819095477
EFX,460,-0.0027156470646324
CARA,287,-0.3442027559055118
CAR,284,-0.0075571337521623
AKTS,130,0.0454545454545454
CAPL,91,0.0149114631873252
GFF,161,-0.0049355634768302
AKR,65,-0.0353466026080988
VRTS,626,-0.0573112198830965
VRTX,648,-0.0065968514244376
LUV,814,0.0197604790419163
RTX,217,-0.0082281578142522
VSAT,463,0.1420025188916878
VSEC,292,-0.1680020902281831
CCS,216,0.0021735495736499
LSTR,792,0.0011062558769845
BBVA,530,-0.0077319587628865
COLL,293,-0.0378816434225406
JCI,338,0.0368303571428572
BAX,316,-0.0075093867334168
LSI,221,0.0644706272817789
RUN,381,0.0489434276206321
LSCC,403,0.0926318267419963
RUSHA,454,-0.0118207480592802
RUSHB,454,-0.035345115038346
RVNC,545,-0.0956772334293949
BATRK,174,-0.0170301762772632
LPSN,771,0.0286561264822136
BP,36,0.0022727272727272
RWT,920,-0.0197109067017082
WAL,175,-0.1330818965517241
RYI,398,0.0927892677473449
RYN,256,-0.0008933889219774
RYTM,894,-0.0909090909090908
DSGX,892,0.037187839305103
JJSF,941,-0.0054174633524538
JKHY,18,0.0059247495724408
BAP,315,0.0309409825773034
DTE,30,-0.0191413727098713
SAFE,830,-0.0297858099062918
SAFT,207,-0.0413929855000619
SAGE,748,0.0848943323727184
SAH,350,0.0210933380207418
SAM,395,0.0130945027794935
WDC,323,-0.015072765072765
WDFC,382,-0.0225451190682118
LFUS,383,0.0469988018397555
WASH,220,-0.0678571428571428
SASR,45,-0.0617602427921093
WAT,351,0.0033452346489113
SATS,505,-0.0022545090180361
BTG,76,-0.0089552238805971
ESTE,72,0.0329749103942653
DELL,232,-0.0509350393700787
SBGI,146,-0.0374765771392879
SBH,515,-0.0257924176507147
EFSC,108,-0.0508630187293427
SBS,308,0.0130653266331659
SBSW,503,-0.0006172839506171
SBUX,209,-0.0028406308159467
BANR,108,-0.0646236900603366
ESTC,373,0.0010166045408335
SCCO,239,0.008413624643778
BANF,343,-0.047202216066482
K,110,-0.0200181983621473
LEVI,214,-0.056298773690078
LEU,365,-0.0776612363311761
FAF,385,-0.0439267295038235
WEX,519,-0.0036823816192106
WF,443,-0.0564285714285713
LEN,20,0.0322513954930743
BAND,267,-0.0185534591194967
BAM,495,-0.0086258179654966
BALY,184,-0.0134177215189873
BAH,86,-0.0228016467856012
SCS,357,-0.0101651842439643
SCSC,141,-0.0206863373957665
SCWX,384,0.0277410832232496
EZPW,127,0.0096371882086165
LECO,1902,0.0325730959328292
COLD,379,0.0083333333333333
SD,795,0.0130226182316655
CCRN,714,-0.0521739130434781
WFC,68,-0.0911909343596322
SE,658,0.2736437830052809
SEAS,342,-0.0263157894736841
LEA,223,-0.0045470819906912
ESTA,170,0.0006977393245883
WH,295,-0.0260321994287197
WHD,478,0.0008705114254623
WHR,147,0.0064587155963302
SEDG,552,0.0273968293910416
SEE,713,-0.0281777046482928
SEIC,182,-0.0197510373443983
LCII,186,-0.0036344295718464
LC,231,-0.0744680851063831
LBTYK,228,-0.0609411764705882
LBTYA,228,-0.0712542703757929
LBRDA,399,-0.0574195780006918
SEM,282,-0.0491130820399111
WIT,260,0.025695931477516
WELL,178,0.0054641122504046
WEN,864,-0.032559198542805
LBC,483,-0.0498710232158211
BSET,402,0.0146900269541778
SENEA,318,-0.0205035971223022
LAZY,300,0.0571428571428571
LAZ,356,-0.0133832976445396
LAUR,90,0.0084654300168633
LADR,916,-0.0616548672566371
DUK,30,0.0101845957988542
CCNE,12,-0.0482382550335569
WSO,345,0.0034458993797381
SFBS,431,-0.1010141987829614
SFIX,192,0.0976394849785406
SFL,189,-0.0145348837209302
LAD,1008,0.0195940120699114
LAC,247,-0.0228910555320051
SFM,180,0.1039947177286233
SFNC,140,-0.1007647323436797
WSR,396,0.004250797024442
SFST,915,-0.0372670807453415
BOX,445,-0.2
WGO,248,-0.0423222152297042
BOOT,449,0.0090380890897352
WST,346,0.0170330883512601
BOOM,168,-0.058274187523347
WT,649,-0.0025125628140703
BBSI,272,-0.0350072931860804
ACN,5,-0.00075315383167
CCBG,63,-0.0453648915187376
AZZ,354,0.0354243542435426
PW,332,-2.2675222783985483e-05
KURA,836,-0.0708892617449664
HNI,388,-0.1177599999999999
AMGN,114,-0.0146766813433479
SGEN,258,-0.0190327786743835
KTOS,854,0.0470355731225295
SGH,888,-0.004191616766467
AZUL,467,0.9558823529411766
AZTA,171,-0.0138983823194349
JOE,367,-0.018722209220688
BMRN,145,-0.0620042172908926
BMRC,222,-0.0772413793103448
WY,426,-0.0001609787508048
WYNN,118,0.0375565193319182
EGO,254,-0.0032188841201717
EGP,49,0.0063085686286519
EGRX,425,-0.075
BMO,401,-0.0302870409455466
SGRY,285,-0.0089686098654709
X,128,-0.0414626183480247
AAT,143,-0.1113791716928025
EYE,790,-0.3978854389721626
ELME,3,-0.0155830198817839
WM,204,0.013321314102564
WMB,119,0.0063122923588039
AYX,835,-0.0084259684581229
AYI,499,0.0391317797484016
AAPL,251,0.0439929448477038
ELP,197,-0.0076299694189602
JBT,375,-0.0097481722177092
SHW,29,-0.0024847526541674
JBSS,50,0.0062381641973934
EXTR,185,-0.0422008547008546
JBL,630,0.0201132120920148
AY,213,0.0539855072463768
SIBN,461,0.0332187104930468
SIG,634,0.012636135157777
SIGA,368,-0.1744525547445254
SIGI,394,-0.0379690731803408
KNX,1944,0.034832451499118
DD,259,-0.0110913323291798
AMG,142,-0.0218932312903833
AXTI,1943,-0.0938215102974828
AMED,397,-0.097553017944535
SIVB,441,-0.442366110166256
SIX,330,0.0537878787878789
AFL,834,-0.0378576669112253
ITT,176,0.0108719646799115
CNX,406,0.0241042345276873
ITRN,159,0.0188003581020592
CCB,369,-0.0736728060671721
SJW,242,-0.0064102564102563
EXR,221,-0.0021864561190404
AVY,950,-0.0247543772984246
CNTY,184,-0.048596112311015
SKYW,144,0.1227058206607236
SLAB,21,-0.002464571780653
SLB,61,0.0146588987032512
SLCA,457,0.029654036243822
EXPO,136,0.0001943634596694
XOM,100,0.010736056773724
BKI,310,0.0233221476510068
ILMN,126,0.0528112449799196
SLF,164,-0.0086956521739128
SLG,193,-0.0390602055800293
EXPI,650,-0.044908940397351
DB,355,-0.0236757624398075
EFC,172,-0.045066045066045
SLP,154,0.0335173501577286
SLRC,173,0.0687669376693767
CC,971,-0.0146284376828554
CBZ,257,-0.0127770013974845
BSAC,206,0.0724076281287247
BGS,270,0.2146803472770324
AVNW,393,0.0455952716014633
AVNT,241,-0.0404538161815264
ESS,190,0.0142944839077434
ESRT,198,0.0775034293552812
EXPE,416,-0.028356428374782
SMFG,227,0.0469644902634593
IIIV,485,0.0597318163348232
SMG,314,-0.0409696969696968
EXPD,459,0.0734984697781178
EXP,139,0.0307867730900797
ZWS,212,-0.0086956521739129
SMP,22,-0.0192455735180908
SMPL,489,-0.0493601462522852
SMTC,160,0.0012982797792924
ZYME,276,-0.0060827250608272
AVID,377,0.0163454920853407
ZYXI,135,-0.2174922600619195
AJG,238,0.0112419700214132
HZO,249,-0.0723645026801668
IDXX,121,0.0245541374355506
AVGO,5,0.0736004307661242
ADI,444,0.0265983539543248
KMB,124,-0.0189524190323869
SNA,106,-0.0015907994209425
SNAP,264,0.0936453201970444
SNBR,268,-0.1505268439538384
CNNE,156,-0.0493799822852081
ESNT,98,-0.0154831199068685
CNMD,202,0.0166337457116125
SNDR,417,0.0196008553100499
SNDX,115,-0.0729783037475345
ICE,52,0.0043222003929273
KN,804,-0.0047114252061249
SNEX,149,0.033521769314688
SNFCA,79,-0.0271428571428572
SNN,780,0.016450822541127
